"V1","V2","V3","V4","V5"
16783.7140499655,94249.7436802783,10206.1370851494,19774.3333453229,12410.0125029567
6495.042759435,4310.96848650755,1679.10139918761,2116.91525902096,0
57212.455702086,85700.585210705,34252.8675169684,12552.4108275569,19062.7217861593
8863.06058044944,5048.4354821828,23700.6355516995,12928.1449336913,2561.41826308339
58036.5967641607,84531.126964297,39285.1110706923,26545.4462992196,20898.0621704171
44586.7043238532,10613.5690438533,36781.1569260024,19690.4912079076,11963.2268309826
37909.0952193631,55875.6798964756,22394.0699976215,17756.4531816641,14027.8929334894
38775.174100017,100026.194519391,9022.6836108134,16998.7846831882,7027.10185626672
82869.4408319593,108386.134732508,45994.9473998317,21793.0785846938,18789.0884669077
92540.0096858787,127172.949564499,42311.9304620436,27402.1938091159,19512.8117660286
40142.867484152,22640.4845865073,3501.16343618497,11419.1161196575,7420.20388099457
98169.0661810861,108874.982180502,51260.1330303226,14799.9117294563,27066.2823130635
27686.9232107251,99958.2130004548,22578.2648776929,5099.98291945253,19561.111665439
106747.137832560,119469.093749403,46871.6088700895,32862.8850128264,24964.5362083887
3117.89780952494,3323.63700574274,2856.48587506287,1477.44906531362,0
59026.5892127311,81894.2184463032,20124.3908064543,6423.49032294577,13103.8706543322
53080.3232346863,106276.279891381,36999.8203572323,29579.4589572481,23866.9757701280
67729.3355341768,118046.855045550,0,29399.8889388561,11.8041004567814
26522.4968722577,8874.01484329564,6035.31971522304,2902.70509821356,2069.15294172719
63756.9916788116,13008.4518163249,47002.4790789971,35366.5759736884,11245.0728127825
35711.5387077154,30086.5296139850,1746.92679873228,3876.13003266997,13219.4818293527
77260.8652023854,124535.556269417,29965.6000246177,30711.2452644205,16488.4245676228
54059.527093294,14426.6941248743,14387.5305483304,5745.44204906265,6574.05813455986
96212.1226038365,67726.5461542656,34875.0373329963,19294.9334014268,21138.3795654695
56084.024497231,71434.2359116119,21854.0268151103,28778.8440273819,14380.2876771444
25568.8206135796,26286.8802339763,21868.2818786416,8344.02501732662,3670.19068305005
16581.6825361803,50705.8898513113,6965.41279632665,31109.4927584612,7726.55724035581
76263.6535555093,87768.5478443538,9397.4597099733,32203.484206156,12468.3386812618
20277.3332832152,22622.7985034395,224.539630083984,19804.6275707109,636.425501238121
40791.2576993080,58899.6216300083,6895.12674785982,20077.4995245402,493.056663132747
107830.562185104,89174.1471490895,43950.3009429190,36190.5072762355,19573.7497837499
39823.343456235,27443.7648963512,12270.2122923115,5804.37776075706,12844.7951492687
64952.9150164308,78654.7636270275,25327.7393913108,29757.949854362,14035.1865950823
81699.469780001,95582.9015555472,23038.1866691559,26347.2261964302,15879.1353779395
18074.6482140272,88480.764343522,35817.9001871086,14191.756583089,9886.40318811322
38572.6328182351,8321.80659752572,15610.6801715262,12292.392999933,10669.1819592420
13616.3871653717,43646.2288693649,3052.82496866418,8919.55214498375,1578.19231964996
73174.2055555657,76786.2054691818,40935.0054265786,18339.3670844897,15194.5764120697
39292.3742327484,23754.1105134661,28001.8161238807,4460.99310549182,14544.5175610613
53646.7747216906,77291.1870064608,43344.1908558786,1211.12889526156,12753.3548301137
679.787063680295,44049.0280933459,40483.9924040672,5213.5823420735,3766.75466519124
66555.8119966316,70299.0263804188,31946.7177398267,22785.4140129305,16600.0121599333
39316.6495808424,49950.8399108147,5623.13128340756,12200.3982464442,4447.9386421051
37193.3666659495,42430.4251010560,29996.0519536224,25585.0962546031,8809.2352699351
0,0,0,0,0
5502.9335748567,128.791947022812,48052.2003070323,9112.35912710207,2162.9452899729
91673.0127517515,103465.101177401,4731.25180762783,31960.9789004431,14030.3198432988
14583.6651855627,20309.9242279324,15771.9338277721,11538.8341363402,6785.7791891368
27381.1934436282,78935.0091356194,5099.23133663565,7423.90293623874,3181.37108950362
32308.8867078148,54113.8820686372,26124.4757662368,18868.2611123997,6619.32367466786
29408.2186168675,39887.9406806413,27468.4565833482,10948.5682706325,8529.70069045347
44354.5849680642,40975.1985914357,42352.0468939045,13660.8922833647,14259.2056358787
54966.1538836138,5353.03328328566,10591.1959039327,21974.1090904117,0
56026.8905447284,56569.8784434078,34523.0135423798,10723.4164439416,22461.3671323030
70744.3165206258,105009.949981911,9413.55743758248,17089.4750303270,23652.1098772527
47107.354259651,27664.4659834375,30214.7475258614,29519.1014722867,14311.6508937013
70590.7405551102,38561.3985802111,43270.0323296908,4912.1378513083,6413.56909727304
9765.55867196784,68652.6954745191,9177.14579993701,21174.3869072311,19430.6292542561
86019.1252458513,116823.497515760,40437.9941516385,17068.198254643,14775.9615859957
20302.3654653394,49449.9066332541,25252.1792392066,879.163423536931,17491.3905570298
117717.057348099,86855.8612131825,43211.0908873001,18131.9557008548,13470.6396758217
66362.1984726893,69585.4895779919,9749.13836432989,5754.34366109875,15350.6002443284
60897.9872282588,94310.8971220104,44733.5187139626,30161.5319082558,11345.4188698942
74141.0933887525,72661.5421748245,32986.0128965182,22815.271277108,21997.2163293183
65878.8599800846,67174.0499783282,25034.0596020417,31154.4891307165,3530.64376380948
72388.764268182,72000.4743286488,35864.643295792,13083.4019444598,25861.2489939991
105856.708102567,100155.029371735,29065.0642579854,31889.0779283692,17993.2389015981
100630.957336912,100272.508495873,65557.8663898147,31273.2529554744,19510.6057108004
74543.9495339898,124558.379021980,24733.2820196431,11079.4253523709,22603.9975118099
95147.6399091432,101415.200163954,27163.2843272445,34029.3070643012,13922.5926092253
60997.5445131124,72845.0353869268,29847.8187548023,4023.97295571688,13130.0508079559
69031.2637679681,19276.6168019329,22373.8532805968,9348.7111345757,14351.9763641773
71404.6234864999,41690.8448481583,20032.9547504547,34586.4709888081,8301.60932224225
64075.3143297479,44432.9823236898,20009.6384480198,9539.34762463422,5877.17969429164
35054.6708926704,46205.5668522586,20947.460589459,4886.6842853345,4211.56038558395
39184.0280355899,81591.6195712592,10419.1194298773,37536.3648571219,21169.8193273814
47497.9301893340,61227.4775799426,13646.3174731418,2033.0993226573,237.094923667810
18247.8466738076,32636.0053167177,30767.2496172447,20441.3381611882,4394.62911417978
26691.9257690972,57593.3886131077,14442.3152624971,6929.63300544574,7150.41480944127
50540.663894756,108913.681672405,3490.70599409967,26705.3845713548,9239.98971560327
8896.42104651676,3864.63520911052,6641.05715919762,1360.32532312224,2079.49735739240
34911.0940787086,17584.3218792906,6440.40125212413,2082.68031871098,10314.6476950409
65202.6733880372,103207.381441613,5733.90091793454,24410.1993965861,1633.72096892749
63149.0423445621,41828.9460985604,3982.06415340408,23776.4094991076,6543.73227135312
38865.4872557679,114768.190663353,15358.0813471943,5280.8469693436,12406.8569503848
66607.7282198717,98571.728626,25808.0659960289,8645.86078781978,16602.6943145755
42492.8217995036,28746.7553886318,47402.6038431013,6419.76562799283,11573.3479649262
71270.3717066659,77116.8453255983,31092.6984865775,31091.7230042427,21235.3493636990
51447.539261305,95759.700114011,21396.4947099724,26997.1935908240,9894.96791171017
115158.202128591,90820.6637763036,43270.1676895613,30018.2000024254,23516.6627961451
83641.5894134362,47027.3136168053,15854.6284906403,27174.9023818699,5262.5630621162
90194.5047037415,108996.564394174,56732.3074123461,33221.1911172262,17490.5226463949
45498.2387525909,63175.8191029012,18615.7448111288,9635.23896145227,23826.1060918906
37712.2309127782,22742.7207177393,43222.0801971685,5448.06666617438,5686.93311239646
22566.6975508371,61622.487348159,36397.8968818858,5283.56899481875,8868.51648838131
21913.5270526079,1687.29565386733,6222.10974113086,632.71814372405,3111.90388599224
85540.5661301206,124453.304539466,25981.5752414181,27028.7049681170,20629.9160979263
26640.838326006,32549.844795871,5934.8799180741,7944.27725423276,18511.2486423638
44189.390449106,68557.3587355815,36963.6656699802,15794.2449448252,14353.0057687386
104864.994673197,75310.1588542807,53506.5551965134,6206.91070920172,22767.7662901762
54904.2617782486,90191.8102462833,45184.2596552787,25558.8676880502,13109.4923354409
101010.217352660,120645.979466453,58409.4330437621,18507.0899134974,27526.3856775724
93672.5997174205,71349.4874727688,20411.0572431754,23424.8103427283,15442.9612311434
6742.31622218744,48907.8993369016,12691.5355568184,21450.7267886987,6101.4263277794
97135.810220269,59112.9264764984,14275.7450607621,21633.3833925637,11739.6239273740
23450.9230012924,46573.8250829864,14074.3884096363,16041.4710965783,25013.0415929793
60902.4188439085,75497.8513936758,18060.6569166469,23094.9729586164,7538.50005061836
119491.521255987,129556.311156203,53923.5756941257,31066.867922673,23630.1283266908
60663.8707650363,35893.7002480596,48123.2545350431,22179.1679852632,8076.61545386877
58815.147838014,59553.4837541263,37407.7649703504,12765.617079999,18334.6341151789
48947.754106018,93513.6560227305,47642.4983252829,24626.5394905270,16350.5110408379
61221.9881245126,45604.5101012084,19375.3718100993,29533.3369977186,5899.75840841595
102229.292168443,74228.1208898472,10821.8967574807,21696.3648697266,16670.7970181703
49305.8313553841,50056.145641697,6810.45816427829,2002.74947827306,4076.1814010903
88667.101369334,100121.930430716,42740.029066144,24235.2633958398,18564.6168971030
34305.2960621275,76072.7678688478,24581.384052536,11392.0894857887,11692.6840187419
41077.6210995271,45596.6517832275,48423.609443436,10988.5507242958,14353.9889116775
64536.1522411965,107462.893470791,9932.4340107741,20412.2026186968,5169.19565294006
50670.1403073562,52116.4068045027,15893.2587027474,32142.7761894074,7478.263299165
75653.6527381168,28586.3146540093,21068.9241140586,4839.89483453768,935.252849701684
34617.4205864045,67350.2710738593,9655.16874159881,23988.8482229460,6964.09331266807
63392.5843963463,66403.036659102,31609.1184342577,17277.5943785798,11094.1507552436
54311.3257006332,96318.4818763632,22409.6683200758,40034.4703315666,16332.9822148075
34862.7753122605,76163.7793565632,7118.92344617592,23958.0730126220,13284.5478280563
45479.0017265317,73879.4618801406,26044.0182261127,19185.7762551897,10923.7135842261
95752.3632385377,74469.5557573003,30120.2722955733,39122.3502721687,8957.57045948466
62319.0073447308,92161.778960328,39238.0882549262,20308.1322119429,17102.8162283328
75262.728869566,87586.584682346,26254.4207481288,15224.25674989,19514.8418619659
34035.2443007445,88887.8824942914,1747.38663494713,11725.9611821698,1089.33555103975
0,31918.9012798762,0,2108.85764421146,4478.26776163843
82834.6544066758,89619.7099023372,22918.6325789587,17381.4696209442,9146.0871064999
34894.4948062659,54826.1845637753,39138.8306499068,14198.4483245863,11753.1861696468
60813.7047166183,116574.898350193,31645.235497348,19796.3231847611,23931.8269821964
44130.4259027346,51616.506139842,20392.2193505073,10392.0696095700,13034.7007551262
55190.0756054415,86836.8032874116,59733.70390726,866.993658292436,22580.3740852099
56287.3893544996,20674.743448328,15349.8871430856,12681.1996615784,10146.4747928496
13106.4719058716,47275.3839080411,0,1702.21044719508,2909.15374655504
71702.9171617618,99725.2326252461,6237.86268436538,34526.3684708367,10861.8501107487
38521.5914442377,9880.78547765388,34167.5309508591,19764.1901626616,3766.93619073014
104572.580702741,48661.8475563169,49001.2253542509,21841.1622467105,20319.8585051708
71912.3356538829,106588.536204628,27402.3458065223,24935.1393371863,26902.4751698586
94293.510360308,75781.1554022377,52566.7153211209,11856.0210599415,15663.2486588746
43769.2193071722,103957.966309355,44835.2643139646,25136.944728611,26779.6433331404
3933.70594784464,18909.3020399309,2790.85649768897,6037.8814053204,4371.91334769766
73099.4190453698,71649.1927825643,43897.2492081552,24137.6075351779,13624.3316252622
0,0,1724.63364830448,3423.44886532253,0
87669.2941733576,100290.926049886,52367.4612429223,18243.6248142317,18168.9948574235
53674.4819151588,60294.5516076165,48557.7016860904,685.60926210009,21620.353190368
93394.3000199829,57898.6708994715,6769.6562318737,6033.19610284365,16810.6861701078
1595.00743986601,18656.0767289337,0,12842.9574899869,161.348734108496
103185.641729286,111147.917958966,25813.5716560155,20083.0302027495,6737.89153043279
35928.3690653257,45586.7700481588,3364.96672100269,10478.4856636246,2213.47399540056
99408.7215103625,107633.667176021,48299.407789254,27389.934075568,19060.9776340421
36998.85159479,36416.7492870392,10909.5606480002,1214.34918176413,2556.52582641107
0,0,0,0,935.252849701684
61873.8393559977,114832.576802586,57010.8076353217,16902.0691964753,21835.3628314538
29043.2522659936,23049.7421973387,43691.7678297134,11836.3174026980,2774.27377883567
108630.310270549,40332.0440934397,43666.0790368238,16264.8158960353,21123.8752662510
71937.2433599305,79558.2069717393,48081.815315367,25642.6452309213,6679.57321057508
26381.0039506255,11018.6437451844,2571.22910493553,4595.77043276395,1951.46336661509
79680.1078575344,110644.677149456,33418.3698297888,20239.4231760285,24239.2988252358
38204.0893046609,105854.986810800,1657.25210669339,18872.1697941704,12993.0015195802
5593.89344484683,43450.6858779315,0,2401.76568332292,16980.7134244667
50040.4123467586,44098.1924056565,20151.4314032895,25314.3635120347,6690.22250251505
112791.492488989,118433.196751284,48810.0051639957,30301.4987065668,13279.1773250518
68287.1243335602,54269.1202413649,23095.5912951017,20821.0749136438,13999.5749210758
35730.6335398172,19211.7921814367,37410.9098812111,26327.7592558518,13973.0089711742
109152.873428453,128471.804151183,34492.3851887393,29252.3014736004,25675.5653359078
63402.5890364902,29826.7043635804,27878.7968799806,7193.3287178404,5504.11450361488
89852.1459835895,111417.488520941,58162.0231289793,24160.6227501663,13968.6785833262
39602.4489059939,17485.482941664,8974.75193345314,16678.2461753544,1341.69131729497
43967.8592458604,87668.0275811484,42371.9195915276,31569.4981270921,14610.3277373939
39105.0322570043,61292.0605784381,36291.7696487978,44947.3720308202,11287.1771673464
97760.6606239144,71443.701619964,33187.363415551,33350.7067375793,15459.2944702865
75892.2425164832,63485.7588326117,55498.7464762095,28725.9721226364,19513.3011039732
3641.71005055437,14925.5495037563,1316.71819298310,26542.6017757187,0
24077.8191576534,61100.1220937294,19749.2561227365,10891.1581371712,3072.11407038382
42133.5960910160,77405.8861149267,29468.5684301249,7569.1076056016,19212.4824660500
45684.157553558,23925.5569919896,57364.3389154001,20800.1272319902,21705.4428933018
58396.0261868746,83469.7610564472,25562.4950981489,18415.2763173437,20921.6540014933
10280.3289543505,17929.3606684178,25100.0224192070,345.191190158770,8266.86528021338
108662.308327396,23220.6384148468,10026.2192181490,10391.3581500832,1578.77935053865
68142.1078099477,11449.3430317312,31925.7625913396,14211.3718335450,13613.2690978377
85526.0929838695,58514.8926094507,49433.3997199748,6024.61832731354,2311.89252106977
14327.4313560653,1297.20220892021,17977.2528204410,135.729841873783,422.594410842169
46465.0312270304,62368.682093123,12026.3332525929,18715.1731510375,9114.46026154265
42388.9512142033,39450.7695070685,30427.4238753794,18122.2470492634,15790.4734733197
3504.06042989977,5606.3768126898,11843.7141728856,0,8756.28013859646
103636.604460201,53752.1532868216,29431.2559164374,12840.2672617873,12712.7464685148
62587.0953843019,107881.498451896,9770.58749452418,17581.5354666847,24324.7655787459
54891.9484682744,92925.6717699662,31288.133249739,28460.8324221369,20083.0835869270
57545.4709484173,53593.8807464712,22299.0098138188,16178.7144706334,10439.0769198576
13989.3500676079,2539.50951382087,7911.20214905565,415.291244595104,1699.13576465778
33727.9591739883,74732.801720639,16645.0535796715,27914.7549048419,3087.72713568018
10151.7716011429,1151.64411700426,12559.1084746697,3182.07230670340,0
110176.953865617,106238.627947130,1622.93453509289,35134.431561108,9991.20468624223
64737.8987667654,33112.2951525229,22906.8624592230,12558.5357633820,2377.71180462901
60134.7057129939,43969.9699704845,27296.2869040308,14826.2656949346,18626.7212734332
9310.2953412641,3653.83344216975,9680.19097751912,810.353958748889,3461.00189229506
69163.065542966,96409.5961078246,38275.8108594,30043.2224457897,15313.9333258271
59955.3604366858,43993.2431365699,30970.7224690631,14164.4923195629,21040.0836058952
39836.6607143682,58861.4838359765,26499.3835911545,8100.7402127899,12087.4486450827
24621.8096686958,49494.0326052343,8712.30773992074,22669.9343065079,1995.16804209267
51729.1169270071,79947.0180342488,21134.1831994152,32158.9306792621,3962.43106376375
20037.1225676372,45300.4276051674,7077.36451579583,6203.04527392557,3556.48269669568
131529.188989860,102449.316187039,55624.0382591253,33901.333660443,26395.5862687294
58072.3162564427,95621.6874612533,11785.0266077534,4335.67204568347,11561.2097128362
103742.288606265,100293.803788493,34697.3520506263,16487.8013521980,16526.1811618225
15831.1218688247,8149.4627691273,27423.7737215642,0,1632.04523552104
94502.0385437428,103237.069111724,47890.1668719908,30657.534234905,23453.461750805
14675.6794176117,102677.109073899,20315.1512725814,20043.8971516013,7096.14980464533
31705.4779781771,121628.341767849,39351.8454229072,31138.1620199535,19535.9562433846
47279.9272345603,21536.4499990976,26020.6153668305,3822.24504457945,5473.21567055052
24241.6695195478,3821.75008012702,17307.8626103711,1685.47822882089,8972.10179774609
64901.6733398779,77892.6300103806,6973.46267061247,22077.8170340163,10577.2119750141
82400.529332468,109737.013193244,35527.6180332357,4678.94903457112,21458.2868117271
17474.0769729497,29839.8093043549,10406.1539724151,5096.00297282875,2958.11899914636
57132.7008116328,68206.5638497268,24902.0219367614,10789.3492560944,9679.38284171686
88660.496282993,116055.638726442,43114.1109302429,41202.6750686636,11732.7626180305
41575.9713458129,42757.9177184696,36710.480718519,5702.71251452482,16838.5126564354
104958.313253057,108725.973889072,43811.8992599252,24194.1683732466,24997.6396432075
63050.3814078908,34648.0126137242,37958.8766642175,29750.7041193860,11361.0295742561
88503.1451888347,57858.3152283001,37558.5574312655,26685.3822530079,12699.1831300457
92913.052829364,114071.475825858,981.724025576659,5593.68330724934,20813.7611216959
57875.2993944065,18886.0198462450,47678.0008233497,28660.2882539761,12688.3076849359
36146.9100260465,46567.1813547388,19762.6884624106,33733.2065131577,17950.4155881856
64493.685268754,9724.07593326042,22998.1049291811,18458.9681593824,1170.02993897764
42314.875145061,93641.0852764806,20743.4277807484,16817.3322867109,3909.94028379495
77537.6534566675,91423.9466451785,26078.0339245838,28904.5427928148,13654.3457536803
71671.1538882111,76900.9920996747,25943.3037609691,21465.7081941870,21929.7810968443
33094.642985715,72087.3453323373,11336.0189612277,27907.6603654565,10973.6944260971
8065.90251027191,6934.29875695738,7219.86145075168,1023.24967072720,1554.77033620264
109389.913920120,97070.5098585971,27091.3844422568,20648.2231875002,30374.9247114834
93942.5378180372,96986.6533675935,47883.5949997845,22010.4615212308,19328.3323026929
93874.863715889,43453.7642501469,48236.4491055185,14394.0542293006,20369.4717795665
61460.913208452,43250.9565649398,33250.1717590579,2266.85723294419,22992.5658823805
1590.12650401706,0,20678.8390389287,0,0
69172.1251481626,105703.058738648,25201.6351444384,23073.8302292298,22208.9215172117
17552.9304738196,47882.3805014436,5707.90254385831,7996.26309558232,8731.70906983757
103761.182807158,90162.5524072043,13412.8924029484,27517.9486961183,21300.6784668619
39701.1017231786,35229.9888433217,24578.4903500922,27709.9987034377,18636.0332939042
39683.8269686775,89280.9166168443,29864.7821361356,27041.9367521931,22021.3006177691
29466.5157518544,8584.85816050539,28319.3828814727,16482.3101557873,11567.2794454541
106169.793366865,113350.793017587,51260.592726509,28405.4932597733,26136.2337948060
113518.126660734,122679.056250832,57651.1252892988,21556.4563152805,24610.8182084007
98668.9321526819,114114.600339413,52976.0434375542,27861.3462694073,19101.1799212694
69588.9029088791,54512.0252134117,48188.3428900409,2319.33126071134,28367.2991132692
41051.8321059987,111496.167375186,28187.9667726507,29174.5676341313,17227.6141596879
119133.663309724,16676.3770970255,41723.4119433954,23575.8336871143,0
46406.1488231520,374.424174938622,17309.3957077160,25294.5773343488,0
95860.9147426207,76834.8180067422,26140.6386377673,18542.3444965067,11716.4320847988
59478.6114165902,100835.569766693,45290.7040887111,26133.7396729903,21227.5204382032
38352.8578205316,47818.9052861846,31343.6496437734,11866.2494540473,10332.4373067681
26862.2631429308,65755.1572332842,14001.0864501285,23707.657336005,10578.6676143763
23925.6934825864,11090.9188572049,18265.8730640398,6072.04673731972,2132.87465232467
1297.31997110962,13574.8406004203,0,11579.0288623368,0
54176.6220940845,59957.9908134827,49540.143411586,6486.42745647547,10793.1872501733
22840.6371070797,50587.9501779929,29795.0157601511,16965.5931102459,5411.11479495867
48136.9915740967,31988.2198116328,22114.1452880867,19605.8659060485,10168.9737297883
107502.288565108,75483.9414118025,36267.8589508827,20078.9887448510,17312.3899843731
24020.4632304969,38311.574158613,5913.89248917909,5396.04105921943,8671.7226483821
74278.4151499608,90804.889507068,37513.0247568206,13510.2368884850,4251.98976410777
105632.344582055,116485.146243319,56108.7101826074,31628.3660227801,25670.4551787257
8614.9362766789,101917.190828591,14877.7763963374,26672.9817494497,12878.8742667148
47849.564395103,44350.9010323928,46449.8041931996,9582.55999628095,14118.0666638073
97014.7778387593,37101.0860891716,30252.6377619072,0,17102.5254078576
87301.9376037742,33780.8265431607,15288.2222484621,15440.4756498342,3188.79806488527
53176.9062713103,58326.4039447466,13423.1421905894,9111.02993464779,1071.34526622857
13015.2687353479,49052.943232213,23194.9678528697,7039.8887692203,20116.6264704705
0,0,1780.74792209677,1410.33716437065,0
90181.5960707822,78031.0520011315,42885.7740034133,17476.7828502981,21906.7809386567
79411.6471449861,50570.6283239009,56134.1470522723,26084.9308003276,24367.4958072153
96388.4720010823,73581.2440175967,38651.4811119091,24502.4697914901,7945.98011463082
78462.0273794504,41239.7782555484,27874.8150871730,9442.68504634144,12383.5981936126
2249.35462476004,72943.7113653049,2383.47985276210,3197.66870209353,17203.3921381528
58502.26384098,42240.0674505576,26732.9054218378,4831.49616213727,19742.728363861
79277.0543334359,82762.3536534587,38718.4693356764,28197.9060100445,10795.6067648482
82481.9589235223,95071.7392073148,52414.3618093162,21057.4673298335,22051.1390629805
7744.14528562433,62538.7953522296,14931.5076288478,15305.7073692367,12332.711629902
58290.9581217561,118439.557730531,12665.0038505039,24303.7243851314,13238.8212175260
95230.11236365,89415.804035863,36823.5003847972,21462.2596783468,9960.11914574302
85809.4015653528,65805.5040599784,29932.0639117199,21022.2799666858,11813.6872415866
118164.776394627,125825.185677489,51683.1824429471,16777.6747483739,19249.5732964595
84960.6543542408,97054.391795367,32784.1706569515,37612.1221035866,12602.0724980218
0,879.136852518932,9974.42021827906,0,4503.49998245859
70637.7198791001,15186.6013444369,39291.5419310403,27191.9424494987,11901.4945876956
61163.9067385143,52286.5895625856,35586.8640934165,11024.8660117513,16427.1818691766
54105.8250085663,37044.4190615674,24855.0574062982,7996.69837166837,10741.6806526238
40334.4580967137,89726.9575756527,22292.8723038832,18304.6839211248,17477.4948703668
56468.873204947,68643.4567829955,42139.6361448183,12456.3436450238,26564.1855197997
83959.1027283993,59350.1791736412,31252.9618285267,14304.9058124432,9204.14021786647
86639.8856213415,52467.9471387087,17500.0114115752,2570.44303736243,18266.3068927735
18806.853720827,73554.2648217476,10267.7444764608,21548.9534824295,4908.17170444262
81723.9114851733,68843.8509730073,42759.6967570897,33535.4452982881,27798.9645412726
46143.4150599908,101540.658949918,8185.74423732336,13024.9165988948,14362.4121826336
98320.8945581309,81709.1707543354,25168.1143709903,27133.1203941631,13609.0884162969
77048.6986971399,98964.6247865206,9757.21524738544,17783.7392236128,4429.87694105123
40463.9356880960,111623.596096669,42168.5560366617,28837.5736014523,20783.3954977261
26797.5423642665,50251.1836950646,8284.66302023092,9356.07765429443,7859.8764971796
63524.5254017879,80371.2374653002,13840.2473062099,22778.8117169627,10562.8664743020
13026.4734201058,11988.8803190022,4240.11043840927,13954.3259968979,6782.14693256647
15787.7000027249,133470.730150675,22304.9242298478,17836.0061960875,11591.9835076549
14013.2742731604,6633.1050612818,35467.3403678641,6107.82198499344,757.947707194545
14441.4541930462,54048.1506902176,7375.49658966005,17647.2003893914,9178.90074119156
5794.25025331405,12350.5321620372,1022.50649064682,8651.62558399373,494.079581165413
48945.1142050035,64569.3781940571,30490.5461632604,11640.7125787679,17705.8300853823
22641.8835535750,8217.43199257447,21180.9256291105,1070.99493797197,9368.93571169237
24407.0330450318,1884.13575285922,24931.7012022369,2665.70177590735,1692.68807838068
32831.1179026032,80298.6990664267,19967.1043875825,3160.48864323229,19061.0717619000
65411.159709692,91363.0647615065,30343.6151019096,18817.4486231466,21900.2096441121
19145.0147060716,10245.3193427037,16431.5429738009,11367.4051061263,1497.70313789353
74197.4121016394,93001.1705136734,44218.6442546643,34904.5124511325,19775.4862808459
88727.4275045058,89530.4234771888,61154.4296857496,37349.1021171673,21161.6399882742
54246.6562817501,72860.8618075593,17343.8337983789,23487.4480123416,6434.06742168736
51875.0860781967,79459.1277281927,4949.47818105767,20285.1976372435,9382.93973632375
32071.5980686819,56166.1097772358,23279.1612614177,3642.81573677354,13347.0474164583
40860.0521521731,59718.9857433512,8840.38883796643,24695.1970218154,5118.15102555416
66111.7762038186,54380.2457590759,45923.3610137918,1769.95997985312,7502.47074561496
64625.8668182055,1244.71507840794,10158.8655383714,0,2226.67288228994
92254.9511784723,23549.5315550041,19298.5208003676,11931.7483460585,11260.9608486285
72369.7234291957,82123.4209389892,31941.8256244360,23033.4323667983,25199.0179865694
66227.3158548533,77337.3773704896,13826.8107700822,21454.1094539918,13652.646449097
28732.020610466,55481.5773193378,15090.2247034434,8232.20681804459,13207.1935935564
60900.807574632,79261.4345535931,23291.9530480768,20507.7627440882,13542.2229323348
11899.1773605412,21387.1317984321,3.01360363524898,3497.79383147128,58.5637256877045
75930.3832498262,91577.4382384154,31615.3358573482,33800.5722698248,11792.7506238858
77925.2444574982,103474.203452381,15013.7306869843,31179.5986337274,10580.0450014013
13636.7554029288,19514.6408523185,38019.4522607557,16915.9606690308,7391.42976497262
53871.1209244367,85720.9925371021,7899.42011823113,25797.3559689100,17323.7322185963
91406.6705012465,91284.4177245608,14150.7425899401,19868.5460578017,19495.1779182276
87308.3139467697,88662.0993872154,48354.5847403738,21567.8742278462,29818.8161027162
14042.7654404548,6638.02285602975,9727.09976878539,2263.93280378085,3600.40625306173
52784.1905619333,36827.2958956707,35064.9876898249,16640.4643277334,12363.6047084998
97763.7827866946,101019.468269926,48852.9263856823,10029.2730595384,26798.8689942992
26268.8309512629,43262.5992899511,10427.3867976472,25365.641588084,19173.5813889363
43165.7230818206,73049.4800093238,18336.2764130154,12860.6141944551,10048.4485860225
75164.332951522,122696.966006107,13254.0842587614,26533.6983112098,13939.8203679814
64111.3608178333,46982.8037948881,20596.649398032,15386.4014761323,15032.6733426744
87370.525813743,117681.822532130,55177.3736984151,38449.3526707768,27884.4560856074
15683.4619715473,2720.19356227096,36679.0183315743,2731.69570932980,6318.42870990216
36044.8187771427,43163.803927819,34482.8244453387,3203.89212434816,18083.4618810302
25451.9664994486,44956.3078154645,7010.80822027428,5194.85324796423,2527.94443413915
24525.9686560863,35496.1312603819,31669.4212267621,12078.9956769915,11294.4374174453
55731.0543829687,88056.0066101478,26249.7974670518,11306.7818358447,11575.0439718090
86821.076245071,108753.082919957,40486.1418761237,26096.5679135964,22984.4472600232
92053.4531574716,101983.759334994,31190.5905128751,36557.6181523285,5568.66010742725
93461.7558738687,47372.9335243123,18893.6334227186,21856.1652416151,9045.67454972634
77015.8528305602,85772.6531749783,23489.7607329453,24302.3612585647,15257.5913622428
110791.459694546,118843.596527905,54430.7815891121,31337.3308468044,20053.0653758758
105847.668916051,110034.138494271,36627.2623224168,28413.4340720430,17460.8928174815
75373.0733180832,91881.1038180453,45324.9251413534,17307.4934443062,19729.8871514814
74276.5638900718,19929.0676152221,37851.2350501143,2479.42819462695,13960.8073249259
11272.6421170125,40399.1169097115,21457.2237585117,5288.50425709169,2836.41170780402
78895.041065437,85408.4882956642,41625.2098646232,20157.2754169800,15579.8734375989
29066.8057414346,5030.34533875221,20335.0227556738,733.549663971556,2183.22094431853
51867.762111031,39109.1866652621,22089.2492364366,28440.4296719727,1698.24797730284
81749.4504598504,59928.9703742724,33491.1674657774,34126.9808650894,18508.9020705226
83284.2113970027,76030.5288904173,38565.6323232477,19348.2007620274,15474.1368134012
70135.1599613653,90115.673655334,42949.6604830269,8284.75990177243,20483.1657497093
107038.466614279,112133.356766597,40038.4961198294,28944.4811488723,20174.3462411627
99554.9430718322,99235.564754602,42032.8907426292,10355.4468672619,13238.1370317793
0,1894.50775887997,5070.63169506507,0,0
79209.899694477,57226.6349144755,18862.2138367088,14849.3842823186,8370.10424497648
9917.50207594517,82328.5487982012,5616.85062179639,12658.3892471689,6514.41955017583
45788.2272682696,70513.9114265627,10532.016716,9289.55894662343,14684.3897592355
59216.992769381,25000.3170413796,31920.419452271,12150.2353344372,4518.71444556255
96211.8331216956,98279.3180077345,54490.271617587,23393.1525373463,13794.6917822793
43004.957803992,44242.7962411269,26445.2693445996,28448.7644697581,6256.41567615511
90809.7170285055,93371.5290131799,44128.9766974283,25808.6268365133,17935.3262123993
63097.9574818536,50030.3278314948,10903.2742084991,7267.46456403842,11085.2089890826
65756.8976924442,122180.024482855,50580.9938828925,23884.63360783,13397.7920082503
83285.1742522237,112626.692321842,21128.2076202284,15775.8355100667,16697.4510540207
10558.8296079132,7292.57259893494,31107.3904408593,14330.909589107,2545.29386551287
11430.8277016281,0,40110.8969646039,0,935.252849701684
105098.998244498,41844.819274821,43499.0575044818,2912.13505976754,23534.8193379439
3536.04357231489,4479.39616301066,6915.99307740985,5637.46524728366,8377.75470999212
8641.57469937073,21973.942483153,0,7501.24690941227,114.760979216447
45236.9483689357,32889.6872647862,47735.3265797939,6958.48648039777,2947.25284063764
15743.5528463904,2691.72897314367,815.322975382015,810.353958748889,1936.00124787393
100910.388190003,107984.011435259,42976.0427256098,23221.2871574291,30024.5637333457
87048.1450421807,88908.4096232216,45798.7237915414,17754.6942538378,11736.3693043693
65163.7615070687,53642.2709600396,44227.0934839655,20118.6565633486,13823.6846565093
97573.2165196715,109304.061091306,44657.3347556986,23231.5080207102,19528.3125274975
94761.239593995,107559.633164745,35955.0655002056,20594.9702187174,9625.03252212228
98621.2537449681,116096.690953672,42485.3122173204,27111.4140080309,12602.5397921738
111828.688100648,118932.648069254,46845.2106296726,28420.6171218269,18805.7860756062
43180.9441715158,11044.1683088733,9634.07187596319,3965.62554140438,9430.4692329287
20799.6069964803,31499.7316820890,28553.9834406925,5837.82539621992,3512.73844381548
65362.2107009062,61745.412942738,27633.9216105983,32576.2202832343,10911.5681868603
2190.90284025762,3455.18993998753,15385.7299844792,3421.6020753578,2273.75231562015
88056.2168595116,93213.583749759,35250.8531694640,16201.0733066692,18457.5022605628
14936.0739767376,46779.7887136077,18093.3093463772,18501.9392281628,990.149797226074
49216.3688062158,7653.80823908278,35315.9998180506,0,18596.7444651499
87553.5723544163,87038.8086187352,17709.1427119563,13882.1754942684,20884.524545347
89768.3486349637,80474.3132881962,32775.5057286867,29157.5686919306,13523.7986961760
45267.3347988676,24195.6060460352,2797.51295087631,24509.5915391633,9684.25171336964
26917.0542412726,72505.8745920819,33044.0139732004,9207.80537464503,15542.1229660501
105560.772776325,64690.2783286517,46948.8342259707,31650.6929467356,6053.5360451119
67955.3148018636,85781.6930931225,53486.8961692967,17195.5345943566,16412.3200772852
40359.6394820032,31820.1311226092,26353.4476764837,6153.7458084028,6797.50328900004
72669.1499946398,26728.9143347112,8387.34462259421,9698.67893150917,11038.7523335492
94166.4475052283,120189.972906726,37502.3692108330,26818.6132350606,21221.8412560081
70693.5499345286,73878.976659643,25888.2537344126,2463.47004202845,18967.5663214338
6606.75788547891,864.407227672197,0,3383.89680533336,1390.86176099758
60309.6866205851,43506.6786198531,33916.974918412,2699.24523454646,15125.833735582
74441.2188714356,100342.881386159,52947.7050048086,16517.5856823077,12712.7286403665
102103.798431540,135070.180797825,37835.3261810734,24303.9454519909,15706.9246815313
81201.0119337511,53317.8113857529,39892.2199179664,19150.3960941097,14606.3416395238
91067.0534803976,109052.422108895,11223.0047715728,32440.9130135667,8000.58450785194
100604.665041656,104508.777017944,34619.0959585186,17994.8658056454,27063.7026303712
64213.4922531294,50803.3361051484,25202.1358303267,10304.3779787383,5637.4564952703
76433.8342955887,129262.668137074,41193.6562862014,36268.3654570275,28192.5784306988
39212.5528477962,85881.5433617272,16754.0161548598,18332.6708709810,14587.6581363188
106495.376176295,101163.464744506,40181.5299884428,27948.5072296721,17634.5667019621
17715.845212373,8816.3774764443,35846.8503344205,4911.9601692114,2148.23378808917
39047.0525593119,43348.4212738825,30549.3781468018,26220.7202031781,10892.9233222588
75848.2591605396,56963.8382527674,16979.8158604357,13005.6349660107,11280.3176114435
12414.0333897897,32971.7496314017,26220.1836909974,22846.5190002228,1645.55822978479
2358.63566116835,28147.3935086389,6436.61552646238,5142.36620213636,3203.23946287358
3372.48771276996,25592.8534531631,2760.98102849930,8051.95762250806,3548.04628485602
40756.0674665721,36952.3032392738,14942.4960643785,2743.13447891656,6208.43852262433
0,1526.77370169809,0,4134.33610561896,706.253575846043
74917.4263567947,104841.018210291,53686.5522311746,16313.3194259981,18867.7934663284
11159.130374527,22221.3625035162,4325.95454253244,432.95881822134,4913.1560987566
96462.5043407064,90305.7035167495,15367.7076664323,32175.1142399108,10873.3928649002
12840.0863218453,495.060349857665,6194.87412036966,758.727902061481,1195.54730883169
24623.0036363636,10370.6312471713,26353.1157328711,6924.10566467692,8349.79303863017
103609.015208235,107001.105977834,23797.678922463,22178.3238386453,26346.8743591699
22359.2578141813,90005.9506200197,19783.3989377087,12818.7363630322,9487.1204428985
103816.518674160,79484.8402299793,31016.1309822373,28827.2652547617,23104.5408463185
50995.8935574591,45389.0021487732,32299.1391577283,16088.5170187995,16982.9320619971
65581.7734301849,1280.09003247207,41960.1364931137,2492.95893168554,5228.56445775092
72493.0453591904,72504.7221927979,45206.7795435082,28348.7127794315,20024.7580525429
70868.3602961673,43643.1607960277,58807.3799803968,17021.5202729712,9680.83153518923
66959.1813896082,81373.6647581214,20026.4733044711,14105.0376644214,17684.2528048812
41689.2580974811,33014.2074219933,43816.919821353,10467.0024204054,7167.89043636701
21469.8890117033,1348.41459209562,45558.3061290561,3384.91330659318,5764.51617186884
3882.11941926278,18180.9258739784,12850.1386949247,5508.02750799957,5552.64892377816
50261.9350389685,35097.6742717905,9601.19479534527,18971.9273144019,1516.83100887317
82324.6552050577,123656.664996158,42101.4890685481,36007.8384766012,22220.1815977395
75657.1076429364,43525.7969624276,18008.3817306494,8371.74728942903,2766.39778301644
61707.2353944427,9070.51510871028,35344.7651988498,28720.7802297086,5204.7318130662
72651.5888014512,31031.8147494095,52876.2305945044,30208.3020060708,16454.3183968225
71919.1911048843,119136.506192920,61231.5036189362,22780.8498791052,24348.6253620781
81279.3189364844,96077.535807958,20631.4298557349,8304.48794906161,16645.8747606508
87370.2406582425,93435.8207025306,38651.7271953591,23663.4726176073,10313.7157704251
79866.9935345617,104612.440394430,30713.8819976993,23954.87151456,15310.5792485622
99817.7168913671,108745.079782868,57966.9524855723,30305.305241451,15138.0947544576
56773.7723090726,61411.1351123252,27104.2261564926,32736.4197616654,12908.899835526
40759.6715332606,68389.777594941,18351.6973979820,23335.8528396973,3718.53839252514
84780.3947857071,97676.9974384038,30499.9112102732,20503.8735706656,11809.4367859453
47116.3103959868,34683.4143129997,34683.4570804073,3424.48237791615,0
34071.6879694606,23830.9625566214,6251.9706934957,5225.17443876352,3282.20672001444
40043.5971923499,22461.4006527718,7741.00263769594,1461.05967070951,1059.01991208029
92757.5156808685,94101.7919466687,39000.6612272776,20268.5453579725,23562.291056715
93180.6578032089,118798.780621408,49806.2578244035,34901.1949038632,17417.0109102290
22536.6802344510,13091.2298326996,2452.71204845775,16193.5596464249,6306.36786951345
59645.0040244742,81923.937505766,41327.1339756373,27000.2077499200,14351.6224700169
11056.8659831079,3632.31185685829,8864.36493848224,1023.24967072720,7924.86331300381
59635.4433744645,37830.7127247144,25844.1105373605,32210.9753501032,19563.5266237372
110536.937831159,58586.7101432915,51860.1049888556,9836.51823111515,20856.3528228403
8834.98377543063,15991.6455676733,19057.4246713116,2383.23569604749,2072.19457292487
97674.786522973,80131.6779072527,38095.4321579457,33951.7955705458,20787.6074210844
76783.0997878998,70446.1492756922,29499.3630190367,35102.5489281456,2233.81069453237
77590.3075067005,136231.752993891,44366.23264092,33472.8212368032,13317.0870529186
85938.9804588737,112589.118545294,27451.267776805,29292.1620803885,8454.93495993584
68428.0814767219,102935.007810747,52266.8282223579,36584.3498179926,21134.5280988399
67749.063222435,85448.2981487207,15406.7805470829,19808.5033902188,13645.6868579654
1337.14445869299,2076.66459764044,26534.8692794869,0,158.280937960201
0,16076.8662836845,4021.94574346793,0,3276.02634075355
83198.1966521313,73983.5008948616,41305.9483889159,32315.6686823739,13912.6724203046
54230.7577637063,41866.4783164154,39197.6186591536,17167.4598032235,3669.4269378408
15131.9011713474,9833.93632295084,8460.58774131569,4809.59437593402,2548.55125988850
79128.4559083459,86757.6374907164,41875.6143613153,28433.9246506678,21397.3189171763
0,0,0,163.939915701406,0
46357.0030489126,89795.0664915127,4607.01350151849,19353.2309882786,10756.7228283345
10012.3613890604,21440.6626877464,363.927194715902,11959.1393882504,0
73176.310848129,116211.090615028,30259.0392996698,30881.8775438393,14371.4826237416
52524.1818852103,21575.4395276391,57094.59344106,13995.0947176571,10703.5300007680
13640.3746204040,7713.96441075169,6352.42006441832,18293.8150547327,4460.81973919309
101428.570230394,98910.073316706,16695.976291427,30690.4215720394,12389.2712255894
24609.3083814507,28706.7188807434,11903.4278815905,1582.87022582791,3998.9847813384
4380.84072192237,9348.89210758217,8466.17362447526,17942.71820795,1892.62692057993
19228.2349008562,35390.3345898036,14901.2630481861,17895.8464412711,7144.95847164672
24483.6613291895,107388.00881509,0,29586.1600613472,13767.9037309635
41360.853908967,76946.4217333362,26929.8340179110,20802.5306833700,11065.8047220968
79758.5435516671,93109.1043689544,24069.7559097609,17467.904994183,12686.5529484306
124730.290923496,108081.288365134,26276.091368734,30427.5747516535,27187.5695684157
40562.6167834387,72302.4961756653,16768.0320046445,14119.5978351377,7978.49949197663
12915.0673912801,107427.603934401,224.539630083984,9377.5970663149,15785.5501524342
1209.96689911952,2350.41181245560,8200.72070209264,3256.37412004855,55.4082082535714
19921.9971562542,48986.1401031437,27045.9921906175,4031.2870366278,14431.6791510939
69277.7225543765,107365.748289196,29072.4169728101,24941.4268701582,19071.2698298170
39969.7164581471,26488.9243383740,13935.4579975420,2711.35173088928,24232.3281415291
47525.5864621235,45622.0240013085,18438.4721033520,3068.03157695674,14893.8548389082
79905.1485270742,9496.67784336027,58249.5655747543,18222.0591740692,2752.00720450898
18451.0077427539,77040.6644215661,18899.4111991298,19291.8707879387,7571.8930086063
21951.0718324220,5195.99978091367,17940.3557491781,5391.44340270798,4556.72654592817
7628.18884776715,5486.17254686991,5092.0840006204,1794.68260667056,3889.87273105975
73060.4506210714,63495.1351965906,26965.5526598770,7522.45089475606,21370.1819546098
102537.979155070,106384.361561635,41692.4374575093,24299.1537660861,23486.6597523746
50972.7288352043,7663.39921135229,18336.0241499174,13540.9248166041,9673.21208198205
29710.9511007615,79135.4462403674,25692.5205668208,24977.6293815804,5249.35029580389
55211.6881908711,53582.2466492393,17486.7099319833,20278.2039650514,1701.94383714506
55116.4966738998,5395.6425918228,68057.4752618314,0,13778.6379417400
37322.3736366728,58297.7016037369,19796.5619988849,25684.3048291708,3418.20902000127
55402.0928592068,53348.5609927274,9290.80179310504,19783.2426084170,15866.2267018798
6743.13897501297,14641.9835133008,40304.6567691390,15604.7062418385,1362.13990792123
9309.61194998321,94904.6857965111,26425.1831612832,1219.77428907630,14669.2467612507
9405.65346688637,30982.7959266665,0,3803.71848436126,8542.98811603505
105904.185568187,85428.6262698546,56511.9890489373,29886.6332489863,11604.4677269278
79061.0286832848,20139.6434807908,9627.09770890496,1130.89428230613,4926.25830523929
109836.453888197,102459.454580492,43646.1595318306,11695.0216448250,24032.311064114
101985.990254137,120142.937167338,46520.1209468366,29890.5509313341,20116.5649117957
96487.112047282,113009.736002240,42056.156479997,30246.6701042907,26302.7522610705
49839.7035941774,60780.4222731797,19644.9093723345,34083.372901604,20391.7752536743
30270.0024049343,33452.9667159782,5591.5362441645,22996.6056178470,6430.55027222575
15042.4638367549,44300.6659459379,2695.42961007613,8277.03077905183,8163.65281737298
87043.1907745044,75262.5217801674,42146.9823797333,22033.4034289485,17626.2092936986
36759.9418767377,49009.0232245885,44877.3869777007,29902.8940748873,11702.2206644242
46930.803835622,62108.4567914258,25820.3399804102,12122.5400899113,17486.381449649
75342.628446684,55086.0304376627,30919.4536769208,17427.1828940752,11076.3044916564
69787.2312252487,90538.1779668058,27768.9466908341,32780.4466634419,9825.41935723922
37648.0550912905,50182.191523443,15391.0713957340,4235.78080690352,7900.17558826015
108183.893738199,109199.610210261,50223.6761463468,31099.3287002622,25392.2080902025
59858.1720412478,59302.9920575301,31074.3383596605,33078.5758034557,4015.20492511051
5928.25618253909,7820.40877008001,0,1220.48450899822,1426.22637457060
41758.0630895372,57650.6217381846,18941.6914045516,18209.4933889404,5892.7754090797
22371.5565534297,22348.5930462239,28906.4586307002,20108.6873612918,7667.0774641295
105415.900452012,115698.192596899,43686.6085870923,34609.4563607048,17353.863341425
8638.60591535639,5314.15826843117,20135.4915331348,5829.34806912047,5054.8553369967
109073.580061153,118582.661015239,33614.1987674253,24262.0042246522,28817.4163607716
22855.3042915404,30939.8343990300,10402.7669366578,4247.30503074241,10949.1619119789
47113.9832165891,91858.0263719827,60128.1781102713,28054.0722703840,16636.82044656
14345.1511222940,41271.7210100528,0,21053.047667042,5416.7233742326
51656.1255397379,75816.5881638519,35391.2299158499,13779.6104259231,20055.8289746854
45683.0262802973,49733.2156920486,11091.1716044427,10295.2120637831,11198.905374876
109780.667394571,111777.881453194,21080.2736628164,24299.8253346295,21567.9775005307
32247.0205887538,105478.836731092,7447.9785693652,23500.7509268481,14284.8367521782
84345.4116596848,70866.0362448906,42522.2164291107,37085.6584161229,14524.4384460411
55255.6673418005,64783.6457128138,39561.6554478541,17503.1501854748,13702.9188999176
11337.0025705397,3442.98269182099,637.459659444912,1960.57495393288,8282.4617801803
75610.0641612545,84996.4519513884,4881.29370909866,21820.5390561265,10955.4640164674
82641.0671038661,69997.579734385,45713.9816900496,24422.3812842155,15138.1977571553
93644.7143775924,57150.6923349035,27196.9602600614,6694.26002297376,15242.9752325955
3177.60295924566,12768.8435324427,7154.72720144935,4101.96549350021,0
54917.2927378906,21155.1807586764,10014.6881174883,7448.75118420464,3127.94521452104
117947.321634087,14397.4203386127,26148.1051310341,8502.85395362124,9291.09733162888
69801.1044774488,80157.06098029,26928.9528274437,16026.1664410280,20526.9560150064
73634.387373254,79728.0049060921,13363.1697082429,35121.4626829081,6413.1100116558
40545.791007372,16566.0754927184,0,6774.79036761971,1207.38456968899
58305.0363524379,69859.812683116,40431.7232422258,22755.6410812457,18280.8237564413
85458.6573717325,108044.714446602,33952.8454097721,11519.6735722594,7712.65525611918
74351.744256193,102456.946818157,31357.9642296068,17493.6835249214,13233.6916811624
84729.1498369819,65478.1974594274,22077.2696563572,9397.38673854592,11862.3135303234
32881.2833070567,29270.1312390292,12491.6736517303,11093.8386309037,5860.24785407228
33511.9123123967,29226.7932880283,25557.6273902413,12784.6728473595,6480.81330191425
82340.6913409767,85549.9236176051,42962.5907394154,28309.730233549,17071.0589595734
78095.3334352707,93610.832541742,24272.1846386732,32985.0199529715,11268.9195479873
42776.0283813289,93110.408311941,24356.2088558414,9381.69842543482,15491.1587275832
75196.8708988143,53500.1482662291,10722.7252932954,15182.9511705589,12225.8699777002
4113.80131365319,29034.1817437649,3480.95222964843,5008.26836147794,2168.10915660224
61531.3963743371,96004.7004753464,32454.6926847138,15556.7407212349,21650.7541735563
95045.6559851068,90738.2050390657,51955.1966234442,31449.2446515564,14829.5283221742
91675.606179687,93819.556612999,20684.4697117273,27423.5954284473,24872.0577507123
28726.4077750859,68081.7027873405,8585.41284054173,18927.767361202,18381.0654831836
115854.545611498,119684.217395454,17312.7553237245,42237.770260659,18920.0009583732
40441.7054384196,48679.1618743731,13153.7928641701,21091.2012312653,15942.2576324689
34140.1062535704,67605.5987372134,20885.6189963723,6301.4153028747,9503.81619484493
113469.758990574,134873.610676554,39972.982109861,28311.2584516829,19597.8940283767
17940.3039803548,76725.8601991223,36789.4318778197,30357.7125208349,15909.778469642
0,53513.454895231,2330.02633057851,557.439983025655,5844.39404432269
30574.3546194587,3414.25099974552,20278.670248688,15948.9539158956,9381.17455988046
74168.7615301334,83137.1799650089,30961.9628377173,30046.4030741857,13953.1446564462
14739.9321488867,8890.38900981895,42284.0470850334,810.353958748889,4259.54238037778
58191.64278517,53253.6305207367,11006.8753065771,16445.4168538100,11791.0123987370
42602.1785011593,60842.3994244865,22058.8630070499,9494.85751870286,21268.2858740016
45209.1660808647,62013.7522928992,16952.5417410889,18659.1238816535,17497.7396821217
38923.6451682537,71340.6777003643,24811.4214072461,18338.615331141,14627.5798216759
11970.3429980834,39586.8460768127,4435.48815959415,11649.8372128888,5126.98555323218
0,10059.6894822983,13825.5607658156,19697.8028267093,5465.52958667604
74613.6633431895,59779.8149935031,31760.5724554520,19065.0011062809,13333.9401725739
26634.3326908417,483.509151384888,9734.21211142691,3423.44886532253,14401.2373661864
20761.6199909754,50739.3183922796,18077.9426340756,22928.6614939704,11061.4143796943
38097.762907401,24800.239127977,9432.21328411509,13744.9423818122,11790.2118605903
46200.4297924977,0,21062.4920945562,23456.4854713427,466.736727284754
52660.858254152,125481.311964187,24428.8755697344,20529.3325454433,8970.14282711582
81277.0024494947,100338.371750458,43237.3046048087,20739.6202665986,18613.4935007647
56919.8625461078,62007.9374247713,36032.9186143694,15157.8068102568,14897.1794016302
0,0,6145.64161212755,0,684.552017830995
15920.9241897504,50526.8949885091,6184.45363495603,17647.1057514801,8603.4270166795
63599.2435895967,94141.7040817114,14985.8048610063,13420.2264013085,6683.08886041374
71728.8360614969,26323.7287246837,24298.9831636611,16153.2897919112,1835.96486626747
101470.258872971,68966.8154854152,53555.5708496992,25752.7610299637,16426.7828734746
9723.595800169,36847.5696755395,4340.05612827976,6714.82299653485,4039.76576291901
50033.6197931598,124243.872572108,41530.8527854256,38371.9502900275,15784.3391211035
33092.0421512655,78780.4950556869,17199.6891486616,25134.7754294722,8121.01637225368
21890.3049672441,76953.2714701066,18947.9259761474,20960.8943998475,17200.4081808382
104280.099001168,123041.534205588,41124.5334285798,28462.8647059921,27396.3946023471
83255.7171648107,101997.211482632,38382.3530052878,34509.7189177272,14833.4295040386
100789.564727076,128359.596948370,28651.1817077819,34772.0500385877,26821.7995106161
23800.3911470887,20558.7167614208,25272.4683810172,0,3109.2936068402
76710.4884103817,84762.9838755904,31152.267069026,23172.496869849,16037.4424698068
27970.3071179927,6801.30609013329,22552.1260078886,8414.09603571362,5807.45865385852
37044.9270148959,37235.4743888319,25898.0470958414,16849.2675855102,8765.75402719849
108828.686401248,37571.1642004945,34637.3129782296,13066.4485522573,7627.64332231101
38840.5113026083,104202.334803139,22619.1589131459,19294.0179134933,12145.0320012731
16127.5318030534,58720.6149656653,12379.4445726073,3659.70453872305,3169.79035264828
9806.4149978271,39814.2949876105,8420.27738644087,14434.9557463048,7778.06559832385
16059.0838977313,37222.6057501852,15454.7708419926,8005.19737204874,8500.1247007175
37919.3643128055,78283.3786876696,7755.61053212786,24419.5101046588,6785.5792177154
111302.496664986,96698.8322018734,41423.9569780208,30494.0813006091,14018.8530705642
105405.838516038,109761.653287665,42752.7011336290,15524.1004541051,21323.0209419123
31236.9943092274,71428.9791059477,35378.1943316071,19452.4057843376,13971.9894751366
16556.3129368377,91569.9391445183,30085.3878454885,5404.21792976912,22055.7342065000
5838.2958952089,18432.9958295379,15401.6234123799,1023.78070370994,2788.66179884617
47066.7282708676,34022.3497778142,52696.734082495,18558.4183302629,15493.4927098095
7814.2206167759,3262.40439923748,22356.6123154335,13445.4999979263,0
69923.5856666097,84636.9731599004,18541.7486139069,29704.7082278822,9297.78993409678
63479.2250082187,88153.8879668945,2896.62787615175,17548.4004202739,9968.0636567913
42345.6735970919,20038.6850600802,5684.10174722055,12598.0586745600,11977.8846298839
104222.802143685,104286.615153368,54104.2529109122,40226.6413007089,25460.2897811926
90993.6428603583,77676.8740470257,37572.1212205334,18390.5537596256,25717.5136673589
113420.310511265,83385.6938160127,44273.4680542259,21053.7476319715,21812.7589551320
99011.8748079473,98798.944696027,31947.3711015962,36815.6860248855,25978.3125424132
67200.9180178617,80588.3282120653,33680.4165208046,15051.3671705098,24907.8559931806
82212.378190322,121464.605075382,51299.4044993293,33743.5009704727,26670.2762763980
109176.32990652,74240.8532625527,51338.4330598728,12089.9226022599,23277.4654982632
21062.1269473794,2369.32251403224,9618.63804804353,974.553977218048,1081.62940061608
81655.0895701427,109223.148338379,39134.0667829112,23886.7501272017,14113.1965937300
46479.0877753922,22190.5698089595,15448.9691974845,8514.36950765987,11364.4909454491
72419.1160016943,110596.107232174,50909.7095010944,38327.2764782132,18210.4617190554
113441.220964940,116962.688724273,43201.5923005428,15065.5327058166,19476.9645165303
12912.5194048228,50528.9605903278,22652.4270090457,19120.814548933,3379.15083022012
10148.3561826782,4583.11539825313,8658.42474569205,2609.85428805127,126.676356708827
29743.0513421566,30093.1893638323,33999.0749456175,6862.15049381273,14241.1413703342
78870.89040553,114152.508772877,45221.7254005528,25512.6395736934,20114.5138884767
45515.3425338247,19229.4495727368,18982.5834305228,9220.89655048506,10695.0978138522
17900.6127643613,40070.517738016,13758.7066632309,4557.68512653979,11091.7768996730
8420.26046617961,9660.56643270388,0,0,3345.67929869327
71950.1712699957,51398.172205489,14244.5269140142,17787.6276939581,3085.40501083659
101692.082235597,120935.299003105,36911.4284963068,22968.782199897,25638.0099942530
57001.0566224661,81546.8518053455,20188.2834549114,25683.1185134896,12145.0978322354
8738.84005809197,10199.2354401311,40304.0542262288,8920.57397984719,18301.9613443450
55188.6737871174,110714.718996828,23238.8395690561,25914.1872174658,21874.0954552876
12139.9319800711,200.944741292786,2446.56512656606,6030.60265013807,3392.78485990213
73075.992935377,94680.8880747503,28540.2098915851,26618.0891993192,27534.9552791056
10365.0228378325,32181.1914819358,3301.9663180633,2033.02474922133,2134.73014534291
122112.238019172,71773.2522369616,43152.6895837218,11676.5671831164,24791.9661687710
73793.1453826775,81114.7420769785,32705.2220844909,34869.9924854347,17942.7570057995
49959.6578220458,48489.4743535318,2870.48503012796,5785.24610146106,15731.4469508313
95831.355819432,97238.2666152037,51909.8078046058,29546.2626640018,17480.2159570489
5485.47175785822,12798.5335992534,14407.1042585178,10800.4791566807,6252.37612717296
101611.658878923,65202.6059461318,32274.3223601021,28116.6890151968,15637.5452920244
81050.9723875733,39649.6972315558,17015.8441828184,26148.1047487995,5649.5668231722
7091.72887868516,24031.3395365709,3567.17174392945,17868.6585242272,3567.26493190568
41878.6983298977,31416.4674713862,17214.5358594800,3468.69261548443,8545.74471121256
8922.97763961434,40163.9014141318,7740.41019829958,1461.05967070951,4272.0640402098
22281.3988802053,30175.0038461993,6011.62541693758,17000.6014568756,5929.15386236388
130962.691918882,118648.838969242,35705.041971486,32754.0733457337,21390.8825110944
46921.0602691822,68498.8587314632,28315.1299934217,20395.8830205739,9846.5772656023
90682.6540350066,31569.3942873025,36947.8708414984,7986.6012338586,8277.24604617926
47770.2275415635,39988.543353145,8186.2227573098,5920.03478140709,15308.0635132613
64646.192561263,42073.364044213,24616.5087769143,17735.6893361635,2205.75102258219
126172.753313425,94119.041263424,34713.7585957681,15745.4487938474,22117.4691955365
34763.6360359028,103025.112774196,38442.4360976159,38822.2874237844,6446.68651882405
40351.0574565515,90385.330723271,31754.6331381932,20031.592506441,9793.24848860866
82672.1430528098,66389.2703964275,48586.114750335,26194.7191895954,12212.3413427965
74583.8751721049,62151.2498794617,47525.6913055202,25731.0119983416,19846.2296086065
64383.8381458045,119850.856097762,52381.9789615738,37896.4721136356,16533.3303083908
38330.8399771975,58454.8246272532,11367.6330010975,13700.6994102923,10196.3117322537
7778.99692533445,12293.0599500295,28047.5121409357,5033.66989843534,5834.33334712025
64230.7764018795,46743.7140215573,42132.8302532786,7971.93294609574,22622.0279207442
21673.4038030736,30462.8393567389,8103.37886411745,13335.5781923017,12433.1385187192
87602.2558131662,113700.555937160,25607.6694735588,26187.600017026,11505.0434247161
31993.3330648875,70395.7876378339,23591.2882157077,30663.8628985532,1604.02272417459
28366.0508024216,15464.6862886797,18128.8088124853,13991.1697128945,1525.02702391148
63263.4776665854,74725.3287184454,39394.2368952575,15215.8308541112,18049.2916374279
23056.0558150502,125081.535448343,35355.151908892,34023.0339398502,12108.9273940063
0,68132.5185858269,0,6784.33819577313,565.800310112163
61651.2053040137,58430.2739835258,50404.5237793372,13304.1487585888,5737.69023749318
71300.5869373494,95999.0235031968,19612.8665905566,41624.4813755145,24263.6944238439
17405.2637667138,39355.2979308104,39721.5487844906,11988.3424265758,13811.7423292242
18705.037640469,31149.1135285912,14985.4231096361,0,3218.05704542178
69939.7269273983,116346.986137571,29888.2301317045,41771.7920862679,24783.8281976776
120247.021133701,97443.905111262,10085.7430108562,33290.0312761032,8366.3380388347
96834.8564942246,6523.06494139664,55293.2770314805,9283.26264972164,9420.93516589566
8623.97429477668,66566.3327141153,0,9162.13270480445,18390.7288470563
82810.3371643113,46317.9468856125,47130.0999311269,7224.1148246804,16497.8429991617
14857.8187824305,3684.22219304036,3819.51337568867,9873.72944809574,6338.08675476791
29779.46412207,13417.6978204241,509.066364159749,1557.34180553688,1140.19312630378
78502.1264320163,75406.2336161053,39498.5157604302,24956.4921986734,17337.4898699804
51351.0971600295,119442.903841247,37963.8115858409,33056.8955484325,15963.1096129042
47399.2369544428,74163.439938497,51331.5462432199,1053.74222887295,15927.3434878272
73343.2210213436,111992.443170303,30236.8322372227,18462.8385716814,13502.343342769
2941.98421003460,35257.7623039063,2247.77072266989,8533.21795868916,0
79637.9576677113,68227.3835472409,46447.7547185118,23514.8519191354,11739.7428300684
77607.5127648547,65422.6725772225,3603.70679298274,12672.8089487031,2590.14191744548
99024.9038981125,128714.941657505,9288.43659526388,10371.6269043832,21315.5180585760
62404.5819953017,93526.4569537118,45902.4032172705,18602.2164007473,14774.8807745518
59656.7797545248,88110.7593976394,44781.8119186071,17838.8641023386,14211.2008442628
98400.7397259419,113928.191169318,53954.1909421486,13889.917468059,24500.3056136046
117057.221113928,103607.354163574,36775.7237065034,24396.0755021349,25213.7878021092
109829.331369275,104576.96657874,57502.0683476606,37346.9417555678,15967.6105162197
63293.4637256287,45165.2336461722,23757.2220281656,22100.0437406331,13786.8597533513
140892.168506436,111356.480782338,40323.3410497186,32528.997591703,17134.0975511681
65123.3109525821,46027.441990363,27413.4628000076,22912.9357374227,11990.8083277268
9835.0873152609,91067.2383196906,14618.3928878342,29456.6412875945,2834.32631214955
29255.0439692385,87987.4968781753,17554.5847740178,27403.2627599246,19899.4689568074
85881.5853579455,87305.1518540245,34702.3050203575,9795.39047831768,15126.3405782387
8172.43766875997,13683.1090266529,8837.17442841964,1131.66410138203,1922.56726239864
32185.5254218516,52175.0792584758,9338.11201628652,16097.2822477681,5567.45123767921
66982.4097651718,107437.039179443,32437.9986837615,10349.351213524,22770.0337745084
14149.3732513694,30285.5945727744,7497.46455802592,20727.0657717659,11733.0225232679
31540.1470670628,25963.2744174505,12163.0209464288,433.284712555023,13960.6375666572
14830.7878285827,68895.8972957959,28359.5421075647,11994.6177978624,12530.8517409159
32426.3036283687,28504.0619647921,224.539630083984,4586.46976030179,681.306541018981
40951.7189256681,69811.2382725786,18670.1440012371,23308.1907334844,11845.7190589062
7188.60541878271,43919.7981650144,3343.00339938658,5162.97076419764,230.679065738909
33242.9930521922,45542.0561737765,16346.2766593320,30033.0328023418,7810.35565323532
86107.221699724,85392.864718394,7659.712926577,15875.6340005690,16030.7805186098
81638.0671811423,105600.363841303,21751.8480139969,22153.5695613632,17076.529377979
15300.2740068318,12161.7964794917,16323.1595464781,6936.35372451151,9340.48071200423
23962.9154365419,42516.5487757195,25218.6760083904,12949.0466935422,6579.9307376524
47200.3383201327,28188.1881334164,35739.4958687777,10125.9253610821,4208.62681609296
75541.687962728,86866.9854812205,39535.6052885681,17028.4516765823,10227.3392926182
65969.2558125956,89353.2439427368,27190.4910150395,27274.8951193905,24751.6099048399
15726.1676774679,12192.5286224095,36649.2883752017,16777.8073610986,5600.60759666377
75535.6305207907,93327.3144475453,41943.5571259053,35054.8365017319,14724.9372769016
54110.5518450213,88849.7801617484,10116.8492463648,12140.8828730232,12149.1215573813
9389.49143747516,12485.7666658771,9305.42019928757,5060.25451319114,19507.3962972028
99258.65809701,117991.645109064,37553.8367474231,12176.8271056292,31263.6827538494
66447.414256978,61559.6431528232,38237.9940161593,19191.3776132918,11062.5184541007
106518.677494023,131549.40337366,37790.5335447948,39818.6986939371,24556.3297263616
15836.8925466091,39193.1697041027,9322.68937248593,11631.9883150740,1478.99708971606
2303.68078235613,8857.00846886304,33911.2632678005,4227.42051754591,4507.00288335721
4950.13885449757,1966.10087703330,2881.00258796129,5166.403386142,204.240699251537
82125.2826569222,93943.3975768533,36675.7217214501,32853.2261424044,13166.2418317293
31902.0700049663,28254.7210895111,18159.7262535421,17562.2340801739,16920.6787812180
83001.048262039,76347.2468392145,35485.0350332516,14434.9058585017,20737.8385231496
16835.0832206630,15678.6663030108,7850.45765500894,5026.24924782564,8871.0645859317
36900.0812422794,26079.8148936750,17686.3515497459,6136.93506169713,5515.3511017666
61843.9634239747,98786.2787981055,41739.2836085251,26431.0135039611,5726.21474179826
76391.437146637,14184.5238687346,12379.2214329876,17279.3529512438,13040.8887363543
29163.4613995666,28608.7163446032,22077.7448464905,5561.21379896729,281.194530064831
76098.3147513088,13873.9285280779,19481.0217674249,22097.6864014409,391.209598448676
0,10247.1540782728,0,1490.04064855565,0
6437.65846370567,80706.4724093862,9859.51796435587,22132.3242650856,12440.5589535339
25971.7738839044,89563.8929084163,6912.84750983672,11930.5759430518,13967.1127818730
7639.28248578659,14805.6299902356,20756.3157956883,2347.83188478595,3454.300731277
27687.0775669806,73294.257914431,14104.0697621573,25188.7984704166,13331.6706890543
35409.0639830418,51057.8013425996,4653.57349712577,18842.0517295977,8111.5737272397
95588.8631463008,115906.522840200,40610.7857459729,9611.54968532114,13712.8267342075
2476.76842000922,76648.4508558675,9053.98070398143,13239.0577345205,5856.60720280384
76492.3631672313,73787.1837922592,20762.2864064578,26034.8242202041,15814.7048625340
9811.71209734122,46277.6616662142,21546.5278370088,10991.5615292781,7523.27354328981
110637.589716323,91528.0030826321,35511.3186128266,35012.7967644436,20998.7787561539
25698.2901893506,38697.2615719408,14278.9856807702,21046.0542751888,114.760979216447
89582.9059215924,53617.5540169144,51534.173759035,2543.36278225171,14594.1214715711
95.2412326121944,5574.8396235155,12134.9141882053,38408.7665289713,1203.85896996103
39402.0990440197,47585.1556031708,47303.8751886811,13257.4975945753,10143.2067885352
4398.54781590100,37719.7461182517,21298.7103628447,22581.6032734606,783.686477229724
12199.9715152507,25585.4030881729,13705.0573404861,12760.4160767097,6043.07242619294
62565.6751585196,51646.0052825721,39530.7485044556,25239.2379318123,17370.5257616868
48433.1945017157,86251.4755528538,21326.8043964474,24270.7641996323,8031.36522977154
17426.9366158951,74900.9932260542,33681.9850546768,6754.25016591207,14802.3390668155
98770.6679288558,119224.324788490,49669.701236669,25847.3670057881,19685.8243237441
20756.1120045474,80218.8482642354,15135.7661119116,17703.0770135079,3143.82886818304
53025.7963814708,103496.066450331,25138.8258315968,35670.6411753622,19099.5620655353
74677.5005501993,89149.1829341097,26972.3001931421,20092.5519709652,11271.8785820502
115414.958716737,47424.6528609419,37022.7637611898,10735.0674024330,21059.6395030477
77033.7108082754,69438.0486215426,37309.0462617501,28968.22726281,9330.03500023766
100506.009497444,107658.457708838,58038.8655357595,24848.5438804250,20966.9959888066
59784.5714843338,19001.1892433451,37234.1831637653,4748.32900703826,14701.9927896203
101281.841204397,104274.993424241,42327.9183712686,30485.9798445231,27683.4116172396
83981.9880826533,101583.110746376,7935.86329323687,6852.59726259279,10839.3128084112
68614.7195548277,109906.649459142,34248.3644413202,2988.11547657867,19678.7694301136
5757.59010087596,5887.73240368447,524.111913843789,13442.1033833648,1970.05998114151
13950.3618660299,98618.2522182336,30304.5711720658,11498.6990122714,16055.9409936576
109539.705827285,116323.095011341,68753.3022495758,18098.4167814734,28613.6783091729
68041.0385489222,108451.235504234,32016.2154947485,32917.2389056007,18245.3808212956
23501.1262605004,79179.4818182614,1907.50436455575,17505.5248158621,1926.59556833551
1477.12745120299,2199.49313391723,2981.20697126348,1135.71073446401,2077.88921411455
52197.4339620097,52170.6749100302,16219.4392482157,16516.7581486480,6058.10039924276
98108.2048771227,123899.499926012,27790.4184510533,12975.7688571728,20639.9787095935
64650.3967515455,62648.6371406948,38198.4732814334,21557.6149700363,12639.0093410968
25559.7867557293,84025.4791196621,23381.0907908873,13615.9158774101,18712.7179635260
117543.432982103,101475.638901250,61704.0873303941,17969.5736216278,30644.7687061988
44363.7252816992,24884.4228664828,25864.9484550803,13063.8550090974,3923.64889467156
36353.8615689354,67312.507025577,16596.4478203732,19191.3030463846,6098.09097299483
50375.5527910406,34946.5301108525,5716.8966840025,4551.36259011423,8897.19471703624
66348.5567667496,76013.4131266911,26870.0741835211,11358.8032283872,8881.64454984309
37531.7215943993,15623.8723470963,17926.5236675080,15066.1143031119,6524.07920128227
64226.3657227715,40053.0005790334,22581.7891680447,5595.44827223097,8881.26686599702
19937.5181902866,62602.6295229684,11466.3693592607,26773.5367619184,9482.3761910263
88778.9870149554,125858.46591417,32219.3229989186,28410.7959726437,15759.6271746494
8823.23729567473,50334.8411506283,3006.30163150974,19376.9731727464,11866.1666492338
11447.6738121053,37613.3507535193,19434.2944195955,24011.1616241674,8899.78081429927
66733.400741998,84012.3884707931,40920.5862307747,33423.2942438058,17553.8901973691
62397.0998418917,72770.7962961728,31440.3124650605,9968.50338510272,16836.2169063830
3603.59241045528,126874.744551602,0,29287.4240347025,6650.94347635625
79488.292650363,37076.8366355457,16574.7771371939,12917.3325784134,10042.7654067773
40414.0772162331,49076.3277377081,11087.0668278631,6117.32116355674,8815.38136932635
80931.0066744293,118679.373701929,43966.4231836734,28250.0235710364,5912.54740511989
48784.6343611855,31013.8506813287,36320.9595496611,8523.6283909073,17537.3395547406
77602.8191036696,80510.5435002012,32149.1715034696,17526.9924868864,23962.4364003339
112130.888221906,101262.801106261,25308.889049977,27977.6743265863,32463.577209323
88541.9470395043,112336.596459584,34062.8437253208,22795.3468647021,14825.4470682221
46945.8268137512,71649.5424943802,4266.99605161828,26052.5314285091,19832.9013751649
62617.8544979652,74383.5504977772,20701.6764657337,10568.4190528880,12033.7685023605
31146.1357419240,53736.4989803505,18382.5324140539,6691.01856580991,10682.3886048249
22638.7822106055,45707.6484456560,28012.8159902788,31406.9044997973,0
86665.874192937,76245.4128977199,41823.7539996418,24065.8484644019,20832.5644114377
89290.4749643041,58137.9694339809,55695.6944639264,8530.9157340775,16431.2164800365
5548.90529719625,9332.98098951722,35431.5480169875,1237.66638076404,3593.42129848988
27847.4814626594,62768.7668901662,17361.3974937109,16905.9200187822,5310.18425607653
27943.2700866908,42602.3922418903,10578.0768122333,33193.1520999822,6013.33622111436
84265.683174608,112345.213587288,12308.9799930025,30003.2704534549,12496.0830354839
73491.5972898009,102653.670932575,16913.856522961,27344.8313725296,13315.8749412039
106549.790383068,90291.334586525,45390.7720387458,26492.4729238471,21968.7626701736
35281.7874717921,77903.1517317565,2543.48458313741,23917.9870479664,6863.4951221507
104174.629648402,122803.314659255,47850.3514917152,30912.8212240147,32859.4419562922
110863.480957199,124338.964816693,12156.1495500586,42905.0172207405,18411.7205324576
96881.921770167,688.911129311098,3225.3369612344,552.81146154986,0
33006.3838709092,53911.897163966,40842.6004809204,13707.9005623585,10450.0803889835
111358.694771932,74988.8787470202,33728.6003839908,10603.5056844719,21067.451568414
72067.7188177656,85624.9221750405,47206.3550615160,29785.4575204923,7558.45492026895
46315.6480461374,47306.4270579943,16721.0236191096,10017.8206242740,13123.9073436569
59214.2330588364,93070.7762340937,18039.7438531654,18791.8440453112,13007.3118102243
4655.2153371753,382.698119198994,2253.09497430379,378.377137996702,0
69861.4545228635,37596.3708198495,32762.7419664542,14397.1915105347,11329.1004919705
73239.4068281728,84963.1257517477,39806.4076869264,16995.8568411030,19936.4314019229
52184.668441017,96245.564376376,47847.6432760172,17690.3587885352,6741.51843527157
83148.9243785616,91192.3950932153,37265.8745820019,22316.6932252005,31505.4897837033
23305.7984989465,6229.85738963796,20621.1418723003,0,8915.7143586816
8193.38421981992,35220.0029154155,23361.1650694472,21569.4190783659,13467.7763690024
13273.1799257892,15921.2987814190,24654.7379672529,3992.196545135,6294.40878247358
89494.6328635512,95541.0015209204,38455.3578219134,38609.3958772959,8059.88533160872
22110.0495517858,61189.830745109,14895.4356004539,32491.5239397008,1639.93164532796
18136.6229527186,61119.8656196361,220.462074867533,13875.6940397340,14180.5108363448
59329.9888954922,44587.5386174632,31143.0916914104,3760.67628211454,6039.17397430488
4087.65050444923,44079.1102352168,672.348481484663,16658.9755329286,1580.42163118864
66574.3749882124,66232.5256239693,17745.6132315444,8226.78321366014,14550.8909556044
102224.35161221,27616.3220106331,22846.0232611877,22106.1990979003,11785.8799149089
50373.2467845306,72212.7822648784,63120.888325674,16740.3797164219,22387.0642790896
6951.5576179515,16107.2937756488,2277.9515232374,12133.3347443983,2629.74931565149
84279.3682099717,105548.614574921,35492.5576858306,29356.0812889679,14774.7260588405
92448.6849467221,127996.975566999,45712.0955216799,28912.2566848927,25147.8241936000
36799.8114757075,30984.9058764155,15186.4944404691,14242.6663694635,12673.5566902877
51429.3065966674,60362.2868090065,23013.0288342808,11436.7181970752,8435.70927872776
58063.153461861,116723.739842501,22977.7220140806,17775.1943059971,17536.0671910084
1742.35019079166,16409.6696270321,9806.0651170818,11546.7027830793,808.14102097492
46372.4910502728,90464.0451741954,11861.8433008159,9745.89504553136,12007.7201882961
14665.7177927116,39619.0407407691,9461.21412715303,16347.6986554502,3502.23561594496
19474.3297925958,17337.0278139462,18615.1948323527,2791.75265128281,3157.87628571023
82629.6443205172,97740.516911293,43417.0557323439,31880.445540051,12919.6844470272
55556.1948902765,43482.8863099288,26436.1482858823,7775.96346208376,14376.0312394681
105361.053270054,137367.278743987,40752.6461555799,39844.3600491356,20648.3935078014
9955.36679549837,30866.9777638898,18950.7504272166,23798.0177971860,371.534457176322
8337.19568217988,11268.9913815537,3704.72870205116,2968.72838463270,126.676356708827
32113.346649282,8293.61958008068,2293.91980433119,0,263.750713390857
81626.5878755712,101948.451833078,47021.5125335572,30696.3322679999,27046.7881093187
66373.061600379,38509.6595652335,55061.6963971645,25948.2404935408,16022.4179367821
49052.5843590884,90038.8773924388,31434.8176553063,14094.8565313744,11021.6133129350
97622.6295135795,106991.204095413,26022.8017518935,37528.346642939,8965.95318114232
102055.567578466,116649.637885918,37200.9595357958,23409.3543364792,14511.9188215024
52576.4955134985,61561.5696162232,28623.0461994007,17061.4079437422,6456.32837474506
123523.393191514,131593.192981186,50101.3701444353,24205.7459942347,25511.9408107584
73983.6947251812,20162.2269383847,50641.6392883383,29247.6467597017,2878.29653112849
60579.3109943663,108498.803412955,30336.1794198759,35108.9002351431,15195.4145802806
91053.9283332723,97898.5396122507,30487.7070305567,34625.6037162672,31893.8065270881
48756.8316772672,12247.4640751978,5733.03883101046,1224.36875493062,1515.39980727719
13080.1600915805,34758.0175086142,36119.6031271055,14618.3809674167,6503.72308292696
97639.3902551716,114112.987461403,32450.5061374422,30157.176359153,6878.01875054124
13507.0448395357,32653.0334054614,27860.007384188,21386.5598397710,5141.88579969385
61262.0198294262,91617.1844534113,12549.8529110878,21614.4621501483,18038.1550872157
72793.2611655728,97441.0970422288,37845.4712277597,24533.2537798838,18101.5840979297
51808.8502607784,37723.7325605285,21473.3821669765,19272.3459984621,6966.47934271663
64811.2329186065,83919.3333809705,35387.6011435144,24695.2528800506,13275.7929604571
11659.4463651482,14618.0309003058,2578.93282621875,0,9293.82747120275
0,16179.6165979307,5747.74766926509,13726.2235886298,447.879965017807
97006.4646641918,103012.521750350,18880.1422709281,35264.7954827097,11556.6036124337
87126.6479173472,142974.583147634,52297.0663349692,27001.6066414514,23168.8693879494
74446.4024372357,68614.9482641612,25889.4782983463,20674.0370047806,12038.4771871198
60070.9631765136,66680.367642798,19011.3968400594,19111.4019090971,12060.8887328980
76152.9629252937,83016.3078306117,43926.9987895243,30945.5107835501,12550.3830177956
75320.8876950208,29281.9172072896,35985.7987708069,10345.5702285348,2012.11394032217
66167.5632826332,79318.7474801979,36857.8323895518,27495.6423806080,3796.33477710123
71810.4031863586,109984.802254892,41952.1399224164,32230.4289801964,12404.0877581590
90170.7802504524,116343.840353268,28338.7893038713,29682.8455298126,21332.6545775438
27406.8985908252,18839.9193726204,9667.02491350814,12972.7621196702,1092.80539643502
50034.9593835386,26034.6346711368,33906.4790749169,1888.92108035197,3422.06105976118
87944.098797789,65075.5469859572,16019.7662548270,22439.0828222041,1175.34427669517
39881.8746947825,99692.0283016563,42394.6508215688,25392.4711548053,20839.863333068
44096.3374153556,58680.0036953658,37287.3858014446,9989.76917176096,11991.8493870870
9078.16359194514,59303.0022853138,3585.37191665189,22948.1320850824,1065.24466587028
49408.6795244744,54988.2634940743,35049.8393430242,5157.04033900586,8896.66633855349
30217.2544253388,26726.8392797959,15640.0779064917,1668.48928483577,8049.6063391246
13143.7281754813,22476.176857484,19719.612044994,1190.32056804357,2255.38867847097
23952.9744156952,50288.7539067517,14098.1747588827,11525.077800282,5100.34501884123
56930.9537432879,85692.9088347143,19662.8535080979,20623.2948892066,7337.1158396113
21446.8476314890,3178.06460683731,24358.7332120231,1320.43588952086,2925.91632029484
15108.5537553261,45822.4065257456,2284.25599363221,10383.0572092120,9732.7235090025
13894.2177852625,81938.8344766053,37514.5079369845,29956.0799449854,9007.2436299558
26531.9654208636,11309.8371238297,38298.6246631726,6375.13499052281,3886.46996091274
10845.2542209717,5115.60136367322,11958.8316701624,4471.18503208961,5118.4723834612
98273.1486378378,119960.099373250,39666.3792923792,18847.0129975791,12158.9989228278
112285.235808672,79104.8155148736,34338.6441386419,23842.1250285056,14951.2683726944
661.433920355928,52041.4594548545,1729.1115091934,22610.6094155075,12287.1339785410
100894.102691164,114396.861236054,32686.7911961351,36151.0494928302,19342.4190897642
66082.217459032,69715.5807389359,41511.83582305,22704.1525760123,15048.7601078630
41688.6963528198,52462.3026222865,50206.9009719416,29992.0757646827,2459.44390070176
43748.3080953688,34152.6140442250,42156.5558354879,21288.4540931004,5713.85463498585
41574.8679194011,18575.1841108557,27144.5578532674,10912.3188091518,5793.52610800513
109519.921623180,121863.072657532,61162.6118694969,31711.1214456023,23411.7864324468
33190.4262742218,93897.336685724,12417.7431063696,12416.8358305258,6975.45444154006
7273.28571447355,128.791947022812,7.41310358297232,15976.3251191654,0
52204.1734237608,30183.415128558,12360.4341606903,5946.55038132604,9485.19800217998
52057.7344125876,92734.8143393887,10981.2101613168,12148.8549196909,12981.803755106
62892.6636451404,124471.849067073,46639.2304240172,25616.7573454391,19093.1006959798
61015.0920778337,97970.173456289,23960.3701062222,25989.0598389131,9428.41067166784
5181.18597787731,9184.8785134647,19932.182776107,28047.9415327873,3446.31722506719
14731.5074207243,22968.6692139154,15810.5813186776,6506.96047489018,2847.68544503373
33478.2453540799,33538.4137071575,23160.3284436361,26461.4431538094,6994.69836890859
15257.6853441335,26446.3770642081,4036.25996856327,3529.91117020145,13280.3637493878
28528.585549251,58578.516375857,5897.42827977983,7514.3082201735,9194.06438673081
30600.9879478817,21958.7331424217,24148.3976261222,10531.9047846672,1172.91452399856
26113.2149105715,69306.1378350093,27808.0784874761,14476.1068831575,3301.27167330518
64941.5979250792,63055.4201644267,22442.6115718173,14873.7067080293,16092.8698346136
76135.2328461429,58923.5375083907,45077.3665761567,8283.15062890415,10667.0060989610
97253.0509085056,114300.657388944,39016.2675771274,33750.2946224114,18562.1969970489
108138.989309825,105467.602510636,55709.4927272021,17427.2967986936,13278.5086629423
55793.8284947385,44280.6268075864,27132.6799722223,25956.8389305253,6087.17262105882
24223.1880970418,12129.9881635116,1176.04633058918,16518.1574292685,0
51515.6734988245,24080.8702171532,25947.2027216292,12613.9943731054,7348.09131294959
106331.815046271,98235.7608123822,39696.8949336465,30038.8126415656,13443.0077467856
39253.9772947794,79618.0691276844,12074.6598686460,16783.4236707904,13315.2691643740
67578.1773112161,123154.309493145,9769.01389156497,25752.3279774576,15171.152682285
66338.7998404333,86932.1284250376,36879.0948104811,8669.92895284036,10051.2320422021
65063.5255904571,71035.0984945245,47475.6590718005,20919.6095667404,6471.07513284693
35433.0220047737,49235.2552074496,27268.0858994199,23474.2044842544,7084.93989369062
46764.2217432373,46778.2685219563,10336.0261700276,2271.41362945840,14705.2478461149
31372.9365127241,35801.9738672409,29716.0379626733,19933.1042423900,6839.69874065373
15529.1604738332,55716.5521113395,35991.8351382013,17779.6947829869,6199.82474714661
42359.5662775937,50975.7628834063,15358.7200861383,8916.50086213057,19373.8240232977
59674.4583257772,67996.6727245836,4397.74582385889,15375.8473373744,8031.90112302796
118257.517796505,128212.446918385,53453.5253715701,29414.906166753,28312.5771180513
22682.8494814463,95675.697793185,6741.97737313348,30478.4667532151,3907.91930755305
67398.3175468953,63556.398001941,17415.0355398102,6815.84102401116,20170.2675898861
31563.9513064135,20335.9139821835,39617.545064105,27754.061792018,11778.2664958153
78467.5810173706,82656.062388815,41621.5264270261,21293.1336191191,19310.8270958322
11528.2274918385,92776.5621813279,9434.554023878,13015.1364264781,9362.21606984983
93089.1409209759,97846.094791869,43069.6347438274,33254.2230739384,12116.7037984212
47817.8729896944,25333.5956512458,34001.4696546158,5242.43044717057,13894.0465285858
39631.5540047218,6059.7928554266,0,6521.23523396717,1565.93286550212
73645.0642891734,90950.2175164694,14324.5564897556,20127.7122682549,23155.6664620797
6433.5743977248,10340.4807993234,5560.65962893538,121.889306988933,0
183.289943791768,531.444481774757,4254.72102720245,1135.71073446401,2243.98088160137
51053.2724009979,7456.07294742464,8156.48307904062,8369.39276037081,2402.19103062187
48255.6665505479,76281.0563023433,54384.637531739,22363.2930493456,26425.8348675564
64919.7360126279,41728.9356467624,16028.2322224246,11888.1537282369,9637.47678828392
111854.970950853,127129.290004578,41212.1906000376,34297.6011184290,20182.8784619986
71735.9302498665,18755.1449486926,45174.8360852399,26509.4737949234,2856.81792716094
56665.7708245956,89000.9049638248,12662.4924572626,30995.3183242212,12210.4233167653
104411.884279898,38626.0464021675,27933.3696726418,18449.1769113544,9479.89536945583
15955.1604618489,24918.2254374153,15693.1299026855,12950.6916009294,4116.78451875848
75915.7777461173,43515.4695439586,9250.86592944572,17367.0549355869,5567.18633841124
51451.0632420659,53236.423253469,47610.0097828423,18813.5708733830,11979.7688968473
47307.9874495754,109488.262938928,18585.1214233742,14597.8771455533,22421.3391719315
84440.4343280038,13816.2384739620,68.3471485089863,312.033938605335,19775.5590293134
34456.9921148501,4682.30842364097,28925.4623872111,25652.6598154257,0
71917.962882905,18431.0744783481,37061.5727214998,13942.6194545590,0
67393.9519970018,100728.113031482,18315.9211201110,15279.7914532792,11304.8529322301
44552.9850728736,81876.867957859,35688.7782373279,23138.4550388026,14124.3635583552
56662.310662493,59329.9680609584,32888.803899849,5807.12656204029,11324.8085719844
30378.6687811616,12301.4795072695,12232.8075437398,8823.82454421844,9096.12369201895
12154.9195948012,22790.5053532904,6712.18444614201,16629.0805870026,5814.69830616962
46758.9304452573,19454.0278987926,27815.2189033153,6086.11076486658,15044.7348400337
32921.007747099,23271.5517022094,43827.2475267691,19975.5164740611,2969.64111153622
107712.842867979,104464.927953175,51225.8715266201,31773.9490350409,15599.3487199848
116611.504251378,89557.6235581745,39177.968803496,28166.5214075892,25573.9041739170
78094.2160718889,50445.44997403,36073.111670064,3164.01451478294,8975.86252199712
101452.157157707,76634.0239607118,57202.4359831257,10794.2906719145,14288.2440263275
7835.86777547948,15544.6374236797,7710.30067872344,9523.69244140555,6541.00167366835
34210.9790579423,40347.1395072748,11718.7106011678,5341.19678029887,15011.8861640897
119379.838795320,86724.5097977285,37767.6006591497,21465.9605199477,17628.3070903088
72124.7182124033,90781.9015429176,43529.2992600533,555.459136660547,20213.6504753171
20435.4969735148,17155.8727650059,22828.0906504984,12236.0579240306,7411.38135771265
98794.3914255968,66222.4137070422,20684.1481772656,22392.4861978266,15721.0737931890
89408.3619287843,80285.8489233844,35554.8621847416,22962.9602106368,9205.0236189953
44824.0585798764,32842.2793913390,1389.00972675299,1812.42039549892,4093.36201771868
9063.85342443572,22720.5530680274,24930.5716510815,17231.38776415,11589.0843616039
26897.3879991260,39336.8000928362,4292.21000730371,9004.95317402672,4491.93549290412
121301.261523526,84071.1259597976,37562.872416422,3952.06178773381,23059.4792914059
44286.0010587389,68107.3249731322,5550.67794990238,32616.6144306888,3826.58743658543
87421.5309896314,93388.2159331434,25613.8566221314,29284.7184539909,21258.6946355233
27296.9646850203,130350.581393797,54340.3548689164,39958.1957193294,17357.582755418
29255.7726336497,54006.8576101088,10580.2201777477,12946.6029731362,13072.0294909021
50300.182919153,74142.1835408077,38097.5080799269,24067.3020191086,15669.6385895931
112291.355078255,57354.8767681224,47351.7393220051,35566.9529314804,27735.2517650419
